client_number,name,email_addr,created_at,active
CLT-3000,Steve Paul,,09-07-2025,
CLT-3001,Holly Salinas,lmorgan@example.com,09-03-2024,true
CLT-3002,Catherine Carter MD,acostachristian@example.net,25-04-2024,true
CLT-3003,Heather Williams,kirk96@example.org,20-06-2025,
CLT-3004,Theresa Jones,christina64@example.net,22-12-2024,true
CLT-3005,Tiffany Thomas,zcox@example.net,28-11-2024,
CLT-3006,Holly Reyes,ejohnson@example.org,28-10-2024,
CLT-3007,Phillip Berry,jacobserika@example.com,29-09-2024,false
CLT-3008,Cody Holmes,raymond43@example.org,24-07-2025,
CLT-3009,Logan Benson,greenjorge@example.com,30-08-2024,
CLT-3010,Micheal Osborn,davidfarrell@example.com,05-05-2025,false
CLT-3011,Elijah Moore,elizabeth18@example.net,16-02-2025,
CLT-3012,Dr. Cynthia Snyder,laurahicks@example.org,21-05-2024,false
CLT-3013,Ana Sanders,tanner82@example.net,21-02-2025,false
CLT-3014,Angela Compton,xfox@example.com,25-12-2024,true
CLT-3015,John Holmes,,22-11-2023,true
CLT-3016,Amy Martinez,katrinaanderson@example.net,11-12-2023,true
CLT-3017,Kelly Campbell,fred53@example.com,15-10-2023,true
CLT-3018,Mark Pierce,,20-11-2023,
CLT-3019,Lisa Davis,,24-12-2024,true
CLT-3020,Michelle Jacobs,brittanycarpenter@example.org,30-05-2025,false
CLT-3021,Amanda Shields,,17-10-2023,true
CLT-3022,Pamela Butler,frykelli@example.com,23-12-2024,false
CLT-3023,Elizabeth Sanchez,jimenezcourtney@example.com,03-05-2025,true
CLT-3024,Jeffrey Washington,eevans@example.net,20-01-2024,
CLT-3025,Haley Ross PhD,catherine55@example.net,17-09-2024,true
CLT-3026,Charles Williams,floressteven@example.com,08-06-2024,false
CLT-3027,Michelle Lee,kwright@example.com,16-12-2023,true
CLT-3028,Kathleen Davis,dferrell@example.com,15-06-2024,false
CLT-3029,Anthony Simpson,nlevy@example.net,30-06-2025,false
CLT-3030,Stephen Luna,amitchell@example.org,30-03-2025,true
CLT-3031,Chloe Tran,zdiaz@example.org,11-10-2023,
CLT-3032,Jerry Pierce,,17-05-2025,false
CLT-3033,Gina Mcmillan,andersoncolin@example.com,23-03-2025,true
CLT-3034,Andrew Reeves,jameshicks@example.net,30-04-2025,true
CLT-3035,Brenda Velazquez,jstone@example.net,18-04-2024,true
CLT-3036,Katie Hicks,phillipjensen@example.com,29-08-2024,false
CLT-3037,Veronica Silva,thomas05@example.com,24-04-2025,true
CLT-3038,Paula Lane,carlsonjoseph@example.net,25-02-2025,
CLT-3039,John Warren,,25-02-2025,
CLT-3040,Travis Rodriguez,rhernandez@example.org,29-08-2023,true
CLT-3041,Jennifer Hampton,jedwards@example.com,29-07-2025,true
CLT-3042,Charles Clark,vsalas@example.net,23-04-2024,false
CLT-3043,Joseph Payne,ufox@example.org,20-01-2025,false
CLT-3044,Courtney Dudley,chelsea33@example.com,02-04-2024,true
CLT-3045,Timothy Pope,janet75@example.com,14-03-2024,false
CLT-3046,Tina Ballard,david86@example.com,27-03-2024,false
CLT-3047,Mary Burgess,robertsjennifer@example.com,28-01-2024,
CLT-3048,Breanna Gilbert,marianelson@example.net,12-11-2024,
CLT-3049,David Garcia,johnsantiago@example.net,27-04-2024,false
CLT-3050,Joshua Hickman,xgarcia@example.org,26-06-2024,false
CLT-3051,Matthew Velez,mwoods@example.com,23-10-2023,true
CLT-3052,Carrie Khan,amandasharp@example.org,29-12-2023,
CLT-3053,Amanda Huff,,18-04-2025,false
CLT-3054,Timothy Hayden DVM,,25-06-2025,
CLT-3055,Frances Gibson,smithashley@example.org,25-12-2024,
CLT-3056,Corey Rodriguez,ismall@example.net,19-12-2023,
CLT-3057,Mariah Higgins,,25-08-2023,true
CLT-3058,Rachel Bradley,,25-03-2025,true
CLT-3059,Kaylee Miller,gregorychase@example.com,15-01-2025,true
CLT-3060,Adriana Reyes,lopezdonald@example.com,26-07-2024,
CLT-3061,Deborah Ward,stephanie49@example.net,14-02-2024,
CLT-3062,Bryan Parker,,24-06-2024,true
CLT-3063,Tyler Mendoza,hannah45@example.net,02-08-2024,
CLT-3064,Samantha Gill,robert87@example.net,24-01-2025,false
CLT-3065,Justin Brown,foxallison@example.com,13-10-2024,true
CLT-3066,Jessica Frazier,ashleyhernandez@example.com,21-02-2025,false
CLT-3067,Jody Palmer,gdavis@example.com,03-08-2024,false
CLT-3068,Jennifer Velasquez,hansenemily@example.com,16-03-2025,
CLT-3069,Kimberly Brown,bethwilliams@example.com,09-07-2025,false
CLT-3070,Randy Cannon,andersenthomas@example.com,03-03-2025,true
CLT-3071,Jennifer Haney,,07-06-2024,
CLT-3072,Victor Baxter,ykane@example.com,26-11-2023,true
CLT-3073,Hannah White,,05-10-2024,true
CLT-3074,Nicole Good,urice@example.org,08-08-2024,true
CLT-3075,Christopher Lopez,opatel@example.org,24-06-2025,true
CLT-3076,Stacey Smith,johnsondonna@example.net,22-01-2024,false
CLT-3077,Shelby Sanchez,garciaarthur@example.net,18-09-2023,false
CLT-3078,Patty Taylor,igonzales@example.org,26-03-2024,
CLT-3079,Patricia Cardenas,lisadennis@example.com,15-02-2024,
CLT-3080,Antonio Fry,nancy83@example.com,28-06-2025,
CLT-3081,Gregory Schneider,conniesimmons@example.com,06-06-2024,false
CLT-3082,Paul Wells,heather62@example.com,04-06-2025,true
CLT-3083,Kristina Faulkner,kevinzimmerman@example.com,20-10-2024,true
CLT-3084,Tammy Boone,paulscott@example.com,25-10-2023,true
CLT-3085,Shelly Lopez,brettbennett@example.net,28-03-2025,true
CLT-3086,Terry Lewis,timothybooth@example.com,09-01-2024,
CLT-3087,Michele Sanders,burgesskaren@example.org,16-02-2024,false
CLT-3088,Elizabeth Ward,kimberly67@example.net,30-06-2025,
CLT-3089,Ryan Rocha,zowens@example.net,28-05-2024,
CLT-3090,Dean Donovan,robert93@example.net,06-11-2024,true
CLT-3091,Elizabeth Gonzalez,,09-02-2024,false
CLT-3092,Terri Morgan,phudson@example.com,29-03-2025,true
CLT-3093,Tracy May,,30-08-2024,true
CLT-3094,Nathan Freeman,yjackson@example.com,27-07-2025,false
CLT-3095,Mary Duran,warrenmary@example.org,30-06-2024,false
CLT-3096,Daniel Bryant,meganhall@example.net,30-09-2023,false
CLT-3097,Jennifer Smith,bhopkins@example.org,25-02-2025,true
CLT-3098,William Smith,,07-05-2025,
CLT-3099,Kelly Allen,ldrake@example.org,08-12-2024,
